{"stats":{"minecraft:custom":{"minecraft:interact_with_furnace":15,"minecraft:mob_kills":13,"minecraft:interact_with_crafting_table":34,"minecraft:leave_game":8,"minecraft:time_since_death":44666,"minecraft:sleep_in_bed":2,"minecraft:time_since_rest":1975,"minecraft:sprint_one_cm":278388,"minecraft:damage_taken":4430,"minecraft:walk_one_cm":324872,"minecraft:damage_blocked_by_shield":1273,"minecraft:drop":15,"minecraft:damage_dealt":1627,"minecraft:swim_one_cm":7408,"minecraft:fly_one_cm":87659,"minecraft:open_chest":3,"minecraft:crouch_one_cm":7366,"minecraft:play_time":161969,"minecraft:deaths":14,"minecraft:sneak_time":4564,"minecraft:walk_under_water_one_cm":3622,"minecraft:jump":1583,"minecraft:walk_on_water_one_cm":16261,"minecraft:total_world_time":161969,"minecraft:fall_one_cm":38643},"minecraft:used":{"minecraft:cooked_mutton":2,"minecraft:stone_sword":15,"minecraft:stone_pickaxe":153,"minecraft:oak_planks":15,"minecraft:shield":34,"minecraft:wooden_pickaxe":19,"minecraft:iron_sword":8,"minecraft:diamond_axe":24,"minecraft:iron_chestplate":2,"minecraft:torch":171,"minecraft:dirt":17,"minecraft:crafting_table":7,"minecraft:diamond_helmet":1,"minecraft:dripstone_block":1,"minecraft:granite":3,"minecraft:diamond_pickaxe":585,"minecraft:iron_axe":1,"minecraft:iron_pickaxe":251,"minecraft:iron_helmet":2,"minecraft:gravel":6,"minecraft:wooden_sword":22,"minecraft:stone_axe":28,"minecraft:cobblestone":20,"minecraft:gray_bed":1,"minecraft:furnace":4,"minecraft:cooked_beef":1,"minecraft:cobbled_deepslate":143,"minecraft:iron_leggings":2},"minecraft:mined":{"minecraft:deepslate_redstone_ore":14,"minecraft:tuff":18,"minecraft:deepslate_diamond_ore":28,"minecraft:stripped_birch_log":1,"minecraft:obsidian":5,"minecraft:crafting_table":5,"minecraft:torch":10,"minecraft:granite":10,"minecraft:short_grass":15,"minecraft:grass_block":4,"minecraft:tall_grass":4,"minecraft:cobblestone":2,"minecraft:lapis_ore":1,"minecraft:oak_planks":6,"minecraft:diorite":4,"minecraft:wall_torch":14,"minecraft:furnace":3,"minecraft:birch_log":16,"minecraft:iron_ore":29,"minecraft:cobbled_deepslate":11,"minecraft:gray_bed":1,"minecraft:andesite":21,"minecraft:birch_leaves":9,"minecraft:coal_ore":9,"minecraft:pointed_dripstone":1,"minecraft:oak_log":12,"minecraft:deepslate_iron_ore":6,"minecraft:gravel":28,"minecraft:dripstone_block":1,"minecraft:dirt":9,"minecraft:cobweb":2,"minecraft:stone":101,"minecraft:oak_leaves":1,"minecraft:deepslate":713},"minecraft:dropped":{"minecraft:iron_ingot":28,"minecraft:stone_axe":1,"minecraft:lapis_lazuli":5,"minecraft:stone_sword":1,"minecraft:cobbled_deepslate":88,"minecraft:birch_sapling":1,"minecraft:tuff":51,"minecraft:obsidian":5,"minecraft:raw_iron":6,"minecraft:rotten_flesh":1,"minecraft:oak_planks":1,"minecraft:iron_chestplate":1,"minecraft:string":1},"minecraft:killed_by":{"minecraft:skeleton":3,"minecraft:creeper":2,"minecraft:zombie":4},"minecraft:crafted":{"minecraft:cooked_beef":1,"minecraft:wooden_sword":1,"minecraft:oak_planks":48,"minecraft:diamond_axe":1,"minecraft:crafting_table":3,"minecraft:iron_helmet":1,"minecraft:wooden_pickaxe":3,"minecraft:iron_sword":1,"minecraft:furnace":2,"minecraft:birch_planks":60,"minecraft:stone_axe":2,"minecraft:cooked_mutton":2,"minecraft:diamond_helmet":4,"minecraft:diamond_pickaxe":1,"minecraft:iron_chestplate":1,"minecraft:shield":1,"minecraft:iron_axe":1,"minecraft:stick":64,"minecraft:iron_ingot":29,"minecraft:iron_pickaxe":1,"minecraft:stone_pickaxe":5,"minecraft:stone_sword":1,"minecraft:iron_leggings":1,"minecraft:torch":136},"minecraft:killed":{"minecraft:pig":1,"minecraft:skeleton":1,"minecraft:sheep":2,"minecraft:zombie":2,"minecraft:cow":5},"minecraft:broken":{"minecraft:stone_pickaxe":1,"minecraft:iron_pickaxe":1},"minecraft:picked_up":{"minecraft:birch_log":14,"minecraft:crafting_table":18,"minecraft:iron_chestplate":3,"minecraft:andesite":21,"minecraft:leather":5,"minecraft:wooden_pickaxe":6,"minecraft:birch_planks":54,"minecraft:flint":4,"minecraft:tuff":153,"minecraft:oak_log":16,"minecraft:shield":7,"minecraft:stripped_birch_log":1,"minecraft:lapis_lazuli":20,"minecraft:string":4,"minecraft:dirt":18,"minecraft:iron_axe":2,"minecraft:wooden_sword":5,"minecraft:iron_leggings":2,"minecraft:cooked_mutton":6,"minecraft:bone":6,"minecraft:bow":1,"minecraft:cobbled_deepslate":1439,"minecraft:stone_pickaxe":11,"minecraft:iron_ingot":33,"minecraft:beef":13,"minecraft:light_gray_wool":1,"minecraft:iron_pickaxe":6,"minecraft:gray_bed":1,"minecraft:iron_sword":2,"minecraft:birch_sapling":1,"minecraft:oak_planks":34,"minecraft:furnace":5,"minecraft:stick":2,"minecraft:raw_iron":49,"minecraft:torch":176,"minecraft:dripstone_block":1,"minecraft:gravel":50,"minecraft:porkchop":1,"minecraft:pointed_dripstone":6,"minecraft:redstone":104,"minecraft:stone_sword":9,"minecraft:arrow":4,"minecraft:rotten_flesh":3,"minecraft:diamond":52,"minecraft:stone_axe":5,"minecraft:iron_helmet":2,"minecraft:hay_block":13,"minecraft:diamond_axe":1,"minecraft:granite":13,"minecraft:oak_sapling":2,"minecraft:obsidian":5,"minecraft:mutton":4,"minecraft:coal":86,"minecraft:cobblestone":220,"minecraft:diamond_pickaxe":1}},"DataVersion":3837}