{"stats":{"minecraft:picked_up":{"minecraft:iron_chestplate":2,"minecraft:suspicious_stew":3,"minecraft:anvil":3,"minecraft:lead":4,"minecraft:diamond_sword":11,"minecraft:enchanted_book":11,"minecraft:brewing_stand":9,"minecraft:golden_sword":1,"minecraft:polished_deepslate":216,"minecraft:string":302,"minecraft:soul_soil":1,"minecraft:shroomlight":22,"minecraft:diamond_leggings":19,"minecraft:cobbled_deepslate":18925,"minecraft:spruce_planks":258,"minecraft:hopper_minecart":9,"minecraft:composter":10,"minecraft:purpur_pillar":6,"minecraft:lightning_rod":1,"minecraft:golden_chestplate":2,"minecraft:cauldron":2,"minecraft:iron_block":241,"minecraft:carved_pumpkin":71,"minecraft:netherite_chestplate":1,"minecraft:blaze_rod":48,"minecraft:iron_bars":2,"minecraft:birch_log":6,"minecraft:magma_block":299,"minecraft:feather":1,"minecraft:water_bucket":16,"minecraft:smoker":1,"minecraft:flint":32,"minecraft:stonecutter":6,"minecraft:diamond_helmet":17,"minecraft:glowstone_dust":14,"minecraft:warped_wart_block":4,"minecraft:stripped_spruce_log":2,"minecraft:dark_oak_log":5,"minecraft:dispenser":4,"minecraft:snout_armor_trim_smithing_template":1,"minecraft:deepslate":1060,"minecraft:lever":32,"minecraft:deepslate_gold_ore":7,"minecraft:granite":829,"minecraft:spruce_button":6,"minecraft:chainmail_helmet":20,"minecraft:jack_o_lantern":6,"minecraft:diamond_pickaxe":26,"minecraft:spruce_leaves":2,"minecraft:crafting_table":246,"minecraft:nether_wart":28,"minecraft:clay_ball":24,"minecraft:leather_leggings":4,"minecraft:dragon_head":3,"minecraft:purpur_block":7,"minecraft:elytra":8,"minecraft:flint_and_steel":2,"minecraft:netherite_scrap":1,"minecraft:white_carpet":49,"minecraft:iron_shovel":6,"minecraft:cracked_stone_bricks":1,"minecraft:beef":104,"minecraft:poppy":3263,"minecraft:iron_nugget":2,"minecraft:spruce_slab":50,"minecraft:minecart":105,"minecraft:chest":102,"minecraft:birch_sapling":1,"minecraft:piston":60,"minecraft:diamond_hoe":18,"minecraft:copper_ore":36,"minecraft:stone":9742,"minecraft:oak_door":1,"minecraft:spruce_fence":61,"minecraft:carrot":413,"minecraft:redstone":2316,"minecraft:tnt":5,"minecraft:diamond_chestplate":18,"minecraft:beetroot_seeds":3,"minecraft:diamond_boots":17,"minecraft:purpur_slab":1,"minecraft:gold_ingot":72,"minecraft:totem_of_undying":38,"minecraft:mutton":253,"minecraft:white_wool":194,"minecraft:rail":563,"minecraft:oxeye_daisy":2,"minecraft:lapis_ore":16,"minecraft:purpur_stairs":1,"minecraft:oak_log":76,"minecraft:ancient_debris":11,"minecraft:paper":9,"minecraft:white_banner":85,"minecraft:stone_bricks":333,"minecraft:kelp":469,"minecraft:stone_pickaxe":12,"minecraft:iron_ore":36,"minecraft:glass_bottle":67,"minecraft:gray_bed":12,"minecraft:smooth_basalt":6,"minecraft:gravel":525,"minecraft:spruce_sapling":760,"minecraft:spruce_log":9450,"minecraft:firework_rocket":133,"minecraft:diamond_shovel":5,"minecraft:coal_ore":127,"minecraft:slime_ball":92,"minecraft:stone_axe":7,"minecraft:rib_armor_trim_smithing_template":1,"minecraft:redstone_ore":1,"minecraft:diamond_axe":25,"minecraft:deepslate_redstone_ore":7,"minecraft:gray_wool":371,"minecraft:warped_roots":4,"minecraft:baked_potato":215,"minecraft:warped_nylium":27,"minecraft:hopper":96,"minecraft:ender_pearl":121,"minecraft:shulker_shell":42,"minecraft:wheat":10,"minecraft:ender_chest":57,"minecraft:potion":8,"minecraft:stone_brick_stairs":29,"minecraft:raw_copper":188,"minecraft:smooth_stone_slab":9,"minecraft:iron_leggings":2,"minecraft:sticky_piston":7,"minecraft:smooth_stone":44,"minecraft:comparator":5,"minecraft:bucket":5,"minecraft:redstone_torch":108,"minecraft:cobblestone_slab":1,"minecraft:calcite":10,"minecraft:wooden_shovel":1,"minecraft:iron_pickaxe":1,"minecraft:deepslate_iron_ore":6,"minecraft:iron_boots":17,"minecraft:furnace":14,"minecraft:stick":687,"minecraft:oak_fence":1,"minecraft:torch":77,"minecraft:spruce_stairs":8,"minecraft:porkchop":134,"minecraft:pointed_dripstone":270,"minecraft:diorite":491,"minecraft:nether_gold_ore":23,"minecraft:rotten_flesh":564,"minecraft:obsidian":130,"minecraft:cobblestone":2799,"minecraft:leather_chestplate":3,"minecraft:magma_cream":9,"minecraft:repeater":58,"minecraft:andesite":1110,"minecraft:beacon":1,"minecraft:potato":3703,"minecraft:tuff":1007,"minecraft:wither_skeleton_skull":1,"minecraft:lapis_lazuli":109,"minecraft:dirt":6382,"minecraft:name_tag":24,"minecraft:leather_boots":1,"minecraft:glass":658,"minecraft:bone":130,"minecraft:bow":14,"minecraft:wheat_seeds":134,"minecraft:raw_gold":305,"minecraft:mossy_stone_bricks":4,"minecraft:fletching_table":12,"minecraft:powered_rail":78,"minecraft:oak_planks":24,"minecraft:stone_hoe":2,"minecraft:cooked_porkchop":109,"minecraft:poisonous_potato":16,"minecraft:sand":501,"minecraft:grass_block":3,"minecraft:shulker_box":90,"minecraft:sugar":88,"minecraft:diamond":701,"minecraft:slime_block":34,"minecraft:spruce_boat":23,"minecraft:cracked_polished_blackstone_bricks":4,"minecraft:crossbow":22,"minecraft:bone_meal":896,"minecraft:spruce_sign":29,"minecraft:emerald":2855,"minecraft:oak_sapling":14,"minecraft:netherrack":2491,"minecraft:chorus_fruit":16,"minecraft:nether_star":1,"minecraft:end_stone_bricks":3,"minecraft:charcoal":4,"minecraft:azure_bluet":9,"minecraft:chicken":1,"minecraft:ladder":34,"minecraft:brown_mushroom":12,"minecraft:packed_ice":400,"minecraft:wooden_pickaxe":4,"minecraft:gold_block":41,"minecraft:chain":26,"minecraft:shield":18,"minecraft:oak_trapdoor":3,"minecraft:iron_axe":14,"minecraft:blackstone":134,"minecraft:observer":37,"minecraft:lectern":131,"minecraft:sugar_cane":1527,"minecraft:spruce_trapdoor":63,"minecraft:phantom_membrane":2,"minecraft:raw_iron":889,"minecraft:end_stone":146,"minecraft:copper_ingot":1,"minecraft:polished_blackstone_bricks":47,"minecraft:arrow":250,"minecraft:nether_bricks":4,"minecraft:basalt":554,"minecraft:golden_carrot":1,"minecraft:glow_ink_sac":7,"minecraft:leather":20,"minecraft:birch_planks":37,"minecraft:chainmail_chestplate":3,"minecraft:cobblestone_wall":1,"minecraft:yellow_bed":9,"minecraft:gunpowder":80,"minecraft:cobblestone_stairs":3,"minecraft:cooked_mutton":51,"minecraft:iron_ingot":1348,"minecraft:soul_sand":102,"minecraft:book":93,"minecraft:nether_quartz_ore":24,"minecraft:emerald_block":101,"minecraft:pumpkin":312,"minecraft:stone_brick_slab":99,"minecraft:quartz":337,"minecraft:dandelion":25,"minecraft:dripstone_block":644,"minecraft:lava_bucket":10,"minecraft:blast_furnace":54,"minecraft:white_bed":23,"minecraft:spider_eye":75,"minecraft:pumpkin_seeds":460,"minecraft:sculk_sensor":183,"minecraft:chainmail_leggings":7,"minecraft:iron_helmet":19,"minecraft:damaged_anvil":1,"minecraft:coal":2356},"minecraft:dropped":{"minecraft:porkchop":3,"minecraft:lapis_lazuli":1,"minecraft:glow_ink_sac":8,"minecraft:chorus_fruit":16,"minecraft:glass_bottle":132,"minecraft:diamond":2,"minecraft:crafting_table":8,"minecraft:crossbow":118,"minecraft:warped_roots":4,"minecraft:cracked_stone_bricks":1,"minecraft:elytra":3,"minecraft:rail":74,"minecraft:emerald":371,"minecraft:dirt":2984,"minecraft:phantom_membrane":2,"minecraft:sand":4,"minecraft:sugar":223,"minecraft:white_wool":2,"minecraft:bone":81,"minecraft:stone_axe":1,"minecraft:sugar_cane":32,"minecraft:ancient_debris":1,"minecraft:lever":5,"minecraft:iron_nugget":5,"minecraft:golden_chestplate":2,"minecraft:cobbled_deepslate":729,"minecraft:rotten_flesh":440,"minecraft:oak_planks":6,"minecraft:glowstone_dust":90,"minecraft:azure_bluet":8,"minecraft:coal_ore":61,"minecraft:charcoal":2,"minecraft:leather_boots":1,"minecraft:ladder":4,"minecraft:leather_leggings":4,"minecraft:spruce_slab":8,"minecraft:end_stone_bricks":3,"minecraft:glass":2,"minecraft:warped_wart_block":4,"minecraft:stone_brick_stairs":1,"minecraft:lectern":2,"minecraft:enchanted_book":4,"minecraft:iron_ingot":738,"minecraft:netherite_pickaxe":1,"minecraft:chiseled_nether_bricks":64,"minecraft:wheat_seeds":124,"minecraft:dripstone_block":7,"minecraft:netherite_chestplate":1,"minecraft:iron_helmet":37,"minecraft:oak_fence":1,"minecraft:purpur_slab":1,"minecraft:feather":1,"minecraft:cobblestone":174,"minecraft:granite":156,"minecraft:spruce_button":17,"minecraft:chainmail_helmet":28,"minecraft:coal":48,"minecraft:oxeye_daisy":2,"minecraft:lava_bucket":1,"minecraft:golden_carrot":1,"minecraft:gray_bed":1,"minecraft:diamond_helmet":1,"minecraft:potion":10,"minecraft:pumpkin":25,"minecraft:white_banner":424,"minecraft:chainmail_leggings":11,"minecraft:iron_shovel":5,"minecraft:paper":9,"minecraft:string":80,"minecraft:spruce_sapling":76,"minecraft:stone_brick_slab":7,"minecraft:purpur_pillar":3,"minecraft:furnace":2,"minecraft:soul_soil":1,"minecraft:cobblestone_wall":2,"minecraft:deepslate":71,"minecraft:chicken":1,"minecraft:clay_ball":4,"minecraft:iron_boots":53,"minecraft:damaged_anvil":1,"minecraft:nether_bricks":2,"minecraft:spruce_fence":3,"minecraft:pumpkin_seeds":66,"minecraft:suspicious_stew":9,"minecraft:diamond_sword":8,"minecraft:potato":923,"minecraft:shroomlight":6,"minecraft:stone":2052,"minecraft:spruce_trapdoor":5,"minecraft:spruce_planks":106,"minecraft:diamond_pickaxe":5,"minecraft:wooden_shovel":2,"minecraft:spider_eye":229,"minecraft:stone_bricks":18,"minecraft:bow":6,"minecraft:magma_block":8,"minecraft:spruce_sign":6,"minecraft:diamond_axe":7,"minecraft:oak_log":4,"minecraft:baked_potato":78,"minecraft:ender_pearl":2,"minecraft:nether_star":1,"minecraft:lantern":1,"minecraft:leather":2,"minecraft:flint":3,"minecraft:spruce_leaves":2,"minecraft:cracked_polished_blackstone_bricks":4,"minecraft:packed_ice":21,"minecraft:netherite_scrap":1,"minecraft:pumpkin_pie":48,"minecraft:gravel":64,"minecraft:purpur_block":4,"minecraft:blackstone":66,"minecraft:pointed_dripstone":52,"minecraft:diamond_shovel":2,"minecraft:carrot":6,"minecraft:chainmail_chestplate":3,"minecraft:poppy":1,"minecraft:leather_chestplate":3,"minecraft:gunpowder":558,"minecraft:beetroot_seeds":2,"minecraft:arrow":112,"minecraft:basalt":4,"minecraft:iron_bars":2,"minecraft:powered_rail":29,"minecraft:quartz":51,"minecraft:netherrack":289,"minecraft:firework_rocket":215,"minecraft:water_bucket":1,"minecraft:stone_hoe":5,"minecraft:deepslate_iron_ore":2,"minecraft:minecart":12,"minecraft:diamond_leggings":2,"minecraft:poisonous_potato":16,"minecraft:copper_ingot":1,"minecraft:spruce_stairs":2,"minecraft:grass_block":2,"minecraft:stick":476,"minecraft:iron_block":72,"minecraft:diorite":57,"minecraft:torch":3,"minecraft:stonecutter":1,"minecraft:iron_axe":78,"minecraft:dandelion":21,"minecraft:smooth_basalt":6,"minecraft:redstone":1950,"minecraft:polished_deepslate":4,"minecraft:kelp":306,"minecraft:warped_nylium":27,"minecraft:ender_chest":2,"minecraft:raw_copper":138,"minecraft:tuff":421,"minecraft:raw_iron":54,"minecraft:iron_hoe":1,"minecraft:totem_of_undying":8,"minecraft:flint_and_steel":2,"minecraft:copper_ore":7,"minecraft:shield":1,"minecraft:diamond_chestplate":3,"minecraft:andesite":102,"minecraft:mossy_stone_bricks":3,"minecraft:oak_sapling":11,"minecraft:golden_sword":1,"minecraft:diamond_boots":2,"minecraft:spruce_log":67,"minecraft:stone_pickaxe":4,"minecraft:wooden_pickaxe":3,"minecraft:raw_gold":13,"minecraft:magma_cream":9,"minecraft:calcite":10,"minecraft:brick":40},"minecraft:custom":{"minecraft:interact_with_crafting_table":745,"minecraft:leave_game":83,"minecraft:time_since_death":446349,"minecraft:damage_blocked_by_shield":3264,"minecraft:play_time":5351348,"minecraft:deaths":112,"minecraft:jump":36334,"minecraft:interact_with_furnace":229,"minecraft:traded_with_villager":2608,"minecraft:sleep_in_bed":76,"minecraft:damage_dealt":198740,"minecraft:interact_with_smoker":57,"minecraft:use_cauldron":45,"minecraft:inspect_dispenser":71,"minecraft:interact_with_smithing_table":13,"minecraft:interact_with_anvil":46,"minecraft:inspect_hopper":304,"minecraft:sneak_time":381840,"minecraft:interact_with_blast_furnace":10,"minecraft:total_world_time":5351348,"minecraft:interact_with_stonecutter":2,"minecraft:time_since_rest":105714,"minecraft:swim_one_cm":596271,"minecraft:fly_one_cm":6527520,"minecraft:open_chest":2261,"minecraft:fall_one_cm":1170766,"minecraft:animals_bred":1,"minecraft:open_shulker_box":271,"minecraft:sprint_one_cm":5304642,"minecraft:drop":1920,"minecraft:talked_to_villager":1051,"minecraft:walk_on_water_one_cm":605566,"minecraft:open_enderchest":110,"minecraft:interact_with_beacon":3,"minecraft:player_kills":3,"minecraft:crouch_one_cm":1827467,"minecraft:mob_kills":39219,"minecraft:fill_cauldron":2,"minecraft:climb_one_cm":86290,"minecraft:walk_one_cm":8299350,"minecraft:raid_win":282,"minecraft:walk_under_water_one_cm":735894,"minecraft:boat_one_cm":2434231,"minecraft:raid_trigger":1078,"minecraft:damage_taken":79459,"minecraft:damage_absorbed":83,"minecraft:aviate_one_cm":13283425},"minecraft:crafted":{"minecraft:ender_chest":1,"minecraft:smooth_stone":223,"minecraft:chainmail_helmet":8,"minecraft:blaze_powder":18,"minecraft:chain":8,"minecraft:slime_block":35,"minecraft:lever":8,"minecraft:diamond_shovel":1,"minecraft:bookshelf":44,"minecraft:cooked_mutton":12,"minecraft:shulker_box":10,"minecraft:glass":1617,"minecraft:diamond_helmet":2,"minecraft:repeater":176,"minecraft:diamond_leggings":1,"minecraft:beacon":1,"minecraft:stone_pressure_plate":1,"minecraft:gray_bed":7,"minecraft:wooden_shovel":1,"minecraft:emerald":3485,"minecraft:cooked_porkchop":34,"minecraft:diamond_axe":2,"minecraft:smithing_table":1,"minecraft:copper_ingot":3,"minecraft:sticky_piston":17,"minecraft:fletching_table":4,"minecraft:campfire":9,"minecraft:stone_brick_stairs":108,"minecraft:lectern":12,"minecraft:stone_slab":1500,"minecraft:iron_pickaxe":1,"minecraft:iron_block":5385,"minecraft:gold_ingot":51,"minecraft:netherite_ingot":3,"minecraft:composter":23,"minecraft:golden_carrot":249,"minecraft:smooth_stone_slab":36,"minecraft:iron_nugget":21,"minecraft:jack_o_lantern":57,"minecraft:bone_meal":60,"minecraft:spruce_fence":60,"minecraft:white_carpet":3,"minecraft:lantern":77,"minecraft:spruce_stairs":152,"minecraft:ladder":105,"minecraft:spruce_slab":1044,"minecraft:ender_pearl":31,"minecraft:stone_pickaxe":3,"minecraft:diamond_boots":2,"minecraft:spruce_boat":4,"minecraft:redstone_block":1,"minecraft:dark_oak_planks":20,"minecraft:chainmail_leggings":4,"minecraft:daylight_detector":9,"minecraft:netherite_pickaxe":1,"minecraft:glowstone":36,"minecraft:enchanted_book":54,"minecraft:iron_shovel":5,"minecraft:iron_leggings":1,"minecraft:armor_stand":14,"minecraft:white_bed":8,"minecraft:brick":360,"minecraft:oak_planks":12,"minecraft:cobblestone_slab":6,"minecraft:lightning_rod":1,"minecraft:cobblestone_stairs":16,"minecraft:stone":29,"minecraft:suspicious_stew":6,"minecraft:hopper":1870,"minecraft:stone_brick_slab":690,"minecraft:bow":16,"minecraft:iron_boots":39,"minecraft:comparator":149,"minecraft:chest":3130,"minecraft:netherite_helmet":1,"minecraft:netherite_upgrade_smithing_template":18,"minecraft:rail":160,"minecraft:bricks":64,"minecraft:stone_hoe":4,"minecraft:ender_eye":17,"minecraft:stone_bricks":4184,"minecraft:smoker":1,"minecraft:dropper":1,"minecraft:arrow":192,"minecraft:cauldron":8,"minecraft:crafting_table":32,"minecraft:spruce_planks":35776,"minecraft:iron_helmet":21,"minecraft:wooden_pickaxe":1,"minecraft:baked_potato":363,"minecraft:hopper_minecart":20,"minecraft:birch_planks":24,"minecraft:brewing_stand":2,"minecraft:pumpkin_seeds":24,"minecraft:dispenser":14,"minecraft:tnt":42,"minecraft:spruce_trapdoor":1076,"minecraft:book":8,"minecraft:iron_chestplate":1,"minecraft:paper":879,"minecraft:diamond_pickaxe":3,"minecraft:charcoal":7,"minecraft:emerald_block":1924,"minecraft:shield":1,"minecraft:stick":10316,"minecraft:iron_ingot":4760,"minecraft:redstone_torch":1011,"minecraft:gray_carpet":24,"minecraft:shears":2,"minecraft:redstone":816,"minecraft:spruce_button":18,"minecraft:furnace":13,"minecraft:stone_button":3,"minecraft:blast_furnace":5,"minecraft:piston":50,"minecraft:flint_and_steel":3,"minecraft:polished_deepslate":1984,"minecraft:iron_axe":1,"minecraft:iron_hoe":1,"minecraft:slime_ball":90,"minecraft:cobblestone_wall":24,"minecraft:netherite_scrap":12,"minecraft:minecart":31,"minecraft:observer":38,"minecraft:diamond_sword":1,"minecraft:spruce_sign":51,"minecraft:powered_rail":24,"minecraft:bucket":16,"minecraft:stone_axe":1,"minecraft:air":0,"minecraft:white_wool":2,"minecraft:anvil":4,"minecraft:stonecutter":4,"minecraft:pumpkin_pie":48,"minecraft:torch":88,"minecraft:lapis_lazuli":37,"minecraft:diamond_chestplate":1,"minecraft:firework_rocket":702},"minecraft:killed_by":{"minecraft:pillager":3,"minecraft:zombie":9,"minecraft:vex":1,"minecraft:ender_dragon":2,"minecraft:warden":4,"minecraft:guardian":1,"minecraft:wither_skeleton":2,"minecraft:creeper":10,"minecraft:blaze":3,"minecraft:witch":1,"minecraft:player":1,"minecraft:spider":2,"minecraft:enderman":1,"minecraft:skeleton":14},"minecraft:broken":{"minecraft:diamond_helmet":1,"minecraft:diamond_pickaxe":1,"minecraft:bow":1,"minecraft:shield":1,"minecraft:iron_pickaxe":1,"minecraft:iron_shovel":2,"minecraft:stone_pickaxe":3,"minecraft:stone_axe":1,"minecraft:diamond_axe":1},"minecraft:killed":{"minecraft:shulker":59,"minecraft:skeleton":110,"minecraft:chicken":1,"minecraft:magma_cube":60,"minecraft:pillager":19182,"minecraft:zombie":369,"minecraft:cow":21,"minecraft:evoker":2670,"minecraft:vindicator":12633,"minecraft:enderman":52,"minecraft:zombified_piglin":8,"minecraft:witch":3678,"minecraft:spider":71,"minecraft:wither":1,"minecraft:piglin_brute":6,"minecraft:piglin":12,"minecraft:pig":27,"minecraft:zombie_villager":12,"minecraft:creeper":52,"minecraft:sheep":49,"minecraft:trader_llama":2,"minecraft:blaze":14,"minecraft:vex":3,"minecraft:slime":62,"minecraft:phantom":1,"minecraft:drowned":7,"minecraft:wither_skeleton":4,"minecraft:villager":7},"minecraft:used":{"minecraft:jack_o_lantern":61,"minecraft:dispenser":18,"minecraft:elytra":14,"minecraft:spruce_slab":789,"minecraft:ladder":104,"minecraft:poppy":61,"minecraft:chest":1403,"minecraft:stone":1062,"minecraft:rotten_flesh":22,"minecraft:soul_sand":21,"minecraft:spruce_boat":25,"minecraft:packed_ice":1,"minecraft:lava_bucket":76,"minecraft:villager_spawn_egg":8,"minecraft:grass_block":1,"minecraft:birch_sapling":1,"minecraft:copper_ore":20,"minecraft:stone_brick_stairs":103,"minecraft:bow":4,"minecraft:oak_sapling":1,"minecraft:furnace":10,"minecraft:potato":982,"minecraft:diorite":184,"minecraft:damaged_anvil":3,"minecraft:powered_rail":305,"minecraft:blackstone":1,"minecraft:wooden_pickaxe":6,"minecraft:composter":55,"minecraft:purpur_pillar":3,"minecraft:purpur_stairs":1,"minecraft:sand":3,"minecraft:blast_furnace":59,"minecraft:pumpkin_seeds":45,"minecraft:lightning_rod":2,"minecraft:stone_button":3,"minecraft:lectern":136,"minecraft:diamond_sword":4500,"minecraft:smithing_table":1,"minecraft:oak_trapdoor":3,"minecraft:carved_pumpkin":14,"minecraft:netherrack":1519,"minecraft:torch":101,"minecraft:brewing_stand":8,"minecraft:anvil":7,"minecraft:shroomlight":16,"minecraft:iron_axe":13,"minecraft:iron_block":390,"minecraft:spruce_button":7,"minecraft:slime_block":59,"minecraft:totem_of_undying":7,"minecraft:diamond_chestplate":3,"minecraft:basalt":423,"minecraft:cobbled_deepslate":1209,"minecraft:observer":69,"minecraft:pointed_dripstone":8,"minecraft:wheat_seeds":8,"minecraft:water_bucket":1158,"minecraft:cauldron":10,"minecraft:fletching_table":16,"minecraft:rail":1374,"minecraft:comparator":126,"minecraft:tnt":47,"minecraft:crafting_table":250,"minecraft:white_bed":30,"minecraft:campfire":9,"minecraft:spruce_log":476,"minecraft:oak_log":3,"minecraft:ender_eye":12,"minecraft:diamond_pickaxe":45722,"minecraft:diamond_shovel":8721,"minecraft:iron_pickaxe":250,"minecraft:spruce_trapdoor":1125,"minecraft:spruce_sapling":612,"minecraft:cobblestone":2879,"minecraft:potion":2,"minecraft:cooked_porkchop":31,"minecraft:kelp":163,"minecraft:diamond_leggings":2,"minecraft:iron_shovel":784,"minecraft:polished_deepslate":2163,"minecraft:diamond_hoe":1020,"minecraft:shield":52,"minecraft:iron_chestplate":1,"minecraft:carrot":199,"minecraft:tuff":120,"minecraft:obsidian":130,"minecraft:glass":1556,"minecraft:coal_ore":37,"minecraft:iron_helmet":1,"minecraft:hopper_minecart":31,"minecraft:stone_bricks":3808,"minecraft:bedrock":5,"minecraft:repeater":230,"minecraft:magma_block":194,"minecraft:gray_bed":13,"minecraft:beetroot_seeds":1,"minecraft:diamond_boots":2,"minecraft:stone_pickaxe":393,"minecraft:oak_planks":3,"minecraft:ender_pearl":87,"minecraft:redstone_block":1,"minecraft:sugar_cane":581,"minecraft:diamond_axe":9169,"minecraft:deepslate_redstone_ore":7,"minecraft:crossbow":53,"minecraft:dripstone_block":494,"minecraft:end_stone":146,"minecraft:shears":136,"minecraft:redstone_torch":312,"minecraft:sticky_piston":24,"minecraft:lever":35,"minecraft:firework_rocket":498,"minecraft:daylight_detector":8,"minecraft:string":25,"minecraft:deepslate":155,"minecraft:gravel":280,"minecraft:andesite":489,"minecraft:chain":13,"minecraft:smooth_stone_slab":31,"minecraft:bone_meal":58,"minecraft:purpur_block":3,"minecraft:flint_and_steel":15,"minecraft:redstone_ore":1,"minecraft:redstone":468,"minecraft:spruce_planks":1234,"minecraft:ender_chest":53,"minecraft:deepslate_gold_ore":7,"minecraft:wooden_shovel":16,"minecraft:stone_hoe":99,"minecraft:oak_door":1,"minecraft:dirt":3385,"minecraft:white_carpet":33,"minecraft:hopper":932,"minecraft:spruce_stairs":158,"minecraft:cobblestone_wall":23,"minecraft:diamond_helmet":2,"minecraft:shulker_box":93,"minecraft:granite":274,"minecraft:spruce_fence":61,"minecraft:iron_hoe":45,"minecraft:stone_brick_slab":599,"minecraft:dark_oak_planks":3,"minecraft:bookshelf":27,"minecraft:iron_boots":2,"minecraft:golden_carrot":199,"minecraft:emerald_block":4,"minecraft:netherite_pickaxe":12677,"minecraft:minecart":40,"minecraft:stone_pressure_plate":1,"minecraft:cooked_beef":22,"minecraft:pumpkin":68,"minecraft:iron_leggings":1,"minecraft:cooked_mutton":12,"minecraft:iron_ore":6,"minecraft:cobblestone_stairs":22,"minecraft:netherite_chestplate":12,"minecraft:baked_potato":369,"minecraft:spruce_sign":69,"minecraft:beacon":2,"minecraft:stonecutter":9,"minecraft:cobblestone_slab":21,"minecraft:smoker":2,"minecraft:piston":73,"minecraft:stone_slab":1501,"minecraft:stone_axe":84,"minecraft:bucket":1231,"minecraft:yellow_bed":9,"minecraft:smooth_stone":155},"minecraft:mined":{"minecraft:dragon_wall_head":3,"minecraft:white_bed":23,"minecraft:carved_pumpkin":71,"minecraft:obsidian":121,"minecraft:granite":666,"minecraft:chiseled_polished_blackstone":1,"minecraft:purpur_slab":1,"minecraft:hopper":97,"minecraft:oxeye_daisy":2,"minecraft:polished_blackstone_bricks":98,"minecraft:tall_seagrass":3,"minecraft:magma_block":373,"minecraft:cobbled_deepslate":414,"minecraft:sticky_piston":7,"minecraft:fire":22,"minecraft:pumpkin":203,"minecraft:fletching_table":12,"minecraft:deepslate_lapis_ore":17,"minecraft:sculk_shrieker":6,"minecraft:water_cauldron":3,"minecraft:dirt_path":3,"minecraft:iron_block":170,"minecraft:brown_mushroom":4,"minecraft:kelp_plant":34,"minecraft:smoker":1,"minecraft:crimson_nylium":1,"minecraft:torch":28,"minecraft:blast_furnace":54,"minecraft:spruce_wall_sign":7,"minecraft:glass":73,"minecraft:sugar_cane":700,"minecraft:damaged_anvil":2,"minecraft:spruce_sign":18,"minecraft:chain":2,"minecraft:repeater":34,"minecraft:wheat":22,"minecraft:stone_brick_stairs":26,"minecraft:smooth_basalt":6,"minecraft:stonecutter":5,"minecraft:piston":28,"minecraft:deepslate":11984,"minecraft:attached_pumpkin_stem":2,"minecraft:dark_oak_log":6,"minecraft:jack_o_lantern":5,"minecraft:shulker_box":88,"minecraft:end_stone":146,"minecraft:nether_bricks":2,"minecraft:dark_oak_fence":6,"minecraft:spruce_fence":4,"minecraft:redstone_wire":9,"minecraft:kelp":2,"minecraft:andesite":876,"minecraft:potatoes":789,"minecraft:cobblestone_slab":1,"minecraft:rail":479,"minecraft:ender_chest":55,"minecraft:glass_pane":1,"minecraft:comparator":5,"minecraft:soul_sand":111,"minecraft:stone_brick_slab":57,"minecraft:observer":32,"minecraft:dandelion":11,"minecraft:short_grass":390,"minecraft:spruce_button":1,"minecraft:lightning_rod":1,"minecraft:purpur_pillar":12,"minecraft:tall_grass":84,"minecraft:copper_ore":66,"minecraft:deepslate_gold_ore":40,"minecraft:diorite":475,"minecraft:warped_wart_block":4,"minecraft:white_carpet":4,"minecraft:spruce_log":7315,"minecraft:birch_leaves":1,"minecraft:gravel":469,"minecraft:dripstone_block":226,"minecraft:stone_bricks":326,"minecraft:spruce_planks":187,"minecraft:cobblestone_stairs":3,"minecraft:sculk_vein":19,"minecraft:brewing_stand":9,"minecraft:spruce_trapdoor":42,"minecraft:grass_block":4287,"minecraft:cracked_polished_blackstone_bricks":63,"minecraft:soul_soil":26,"minecraft:composter":12,"minecraft:smooth_stone":45,"minecraft:sculk_catalyst":4,"minecraft:iron_ore":117,"minecraft:anvil":3,"minecraft:azure_bluet":5,"minecraft:pointed_dripstone":25,"minecraft:iron_bars":2,"minecraft:end_stone_bricks":3,"minecraft:spruce_slab":29,"minecraft:deepslate_redstone_ore":124,"minecraft:blackstone":298,"minecraft:purpur_stairs":1,"minecraft:clay":9,"minecraft:calcite":10,"minecraft:poppy":3,"minecraft:beacon":1,"minecraft:chest":92,"minecraft:nether_quartz_ore":210,"minecraft:cobblestone":1420,"minecraft:slime_block":30,"minecraft:oak_planks":17,"minecraft:wall_torch":8,"minecraft:seagrass":1,"minecraft:warped_nylium":4,"minecraft:powered_rail":67,"minecraft:birch_log":6,"minecraft:tnt":5,"minecraft:purpur_block":9,"minecraft:smooth_stone_slab":11,"minecraft:oak_log":33,"minecraft:beetroots":2,"minecraft:sand":492,"minecraft:dirt":4757,"minecraft:dispenser":4,"minecraft:netherrack":13322,"minecraft:ancient_debris":10,"minecraft:oak_leaves":18,"minecraft:nether_gold_ore":34,"minecraft:tuff":1149,"minecraft:deepslate_diamond_ore":130,"minecraft:oak_door":1,"minecraft:lever":6,"minecraft:ladder":32,"minecraft:spruce_leaves":768,"minecraft:large_fern":1,"minecraft:hay_block":13,"minecraft:oak_trapdoor":1,"minecraft:spruce_sapling":65,"minecraft:furnace":9,"minecraft:carrots":123,"minecraft:polished_basalt":4,"minecraft:stripped_spruce_log":2,"minecraft:gold_block":41,"minecraft:polished_deepslate":218,"minecraft:bookshelf":27,"minecraft:deepslate_iron_ore":136,"minecraft:shroomlight":19,"minecraft:packed_ice":484,"minecraft:chorus_plant":1,"minecraft:stone":21879,"minecraft:redstone_wall_torch":22,"minecraft:podzol":3,"minecraft:magenta_stained_glass":4,"minecraft:basalt":836,"minecraft:crafting_table":225,"minecraft:sculk_sensor":30,"minecraft:lectern":131,"minecraft:deepslate_coal_ore":4,"minecraft:lapis_ore":8,"minecraft:polished_blackstone_brick_stairs":3,"minecraft:sculk":257,"minecraft:spruce_stairs":8,"minecraft:gray_wool":70,"minecraft:redstone_torch":15,"minecraft:gray_bed":7,"minecraft:yellow_bed":8,"minecraft:coal_ore":473,"minecraft:end_rod":1,"minecraft:cracked_stone_bricks":1,"minecraft:mossy_stone_bricks":3}},"DataVersion":3837}