{"stats":{"minecraft:picked_up":{"minecraft:wheat":22,"minecraft:ender_chest":14,"minecraft:nether_brick_fence":3,"minecraft:flower_pot":1,"minecraft:diamond_sword":13,"minecraft:oak_stairs":1,"minecraft:enchanted_book":8,"minecraft:stone_brick_stairs":1,"minecraft:brewing_stand":2,"minecraft:golden_sword":1,"minecraft:amethyst_block":21,"minecraft:string":55,"minecraft:raw_copper":76,"minecraft:armor_stand":1,"minecraft:oak_sign":4,"minecraft:diamond_leggings":1,"minecraft:gold_nugget":106,"minecraft:cobbled_deepslate":5359,"minecraft:spruce_planks":17,"minecraft:redstone_torch":5,"minecraft:calcite":5,"minecraft:ender_eye":1,"minecraft:furnace":1,"minecraft:golden_helmet":2,"minecraft:stick":147,"minecraft:oak_fence":1,"minecraft:torch":137,"minecraft:porkchop":10,"minecraft:pointed_dripstone":20,"minecraft:diorite":152,"minecraft:golden_chestplate":6,"minecraft:goat_horn":2,"minecraft:stone_sword":6,"minecraft:nether_gold_ore":13,"minecraft:cactus":2,"minecraft:rotten_flesh":274,"minecraft:netherite_chestplate":2,"minecraft:blaze_rod":8,"minecraft:obsidian":20,"minecraft:iron_bars":3,"minecraft:snowball":45,"minecraft:blaze_powder":1,"minecraft:cobblestone":1218,"minecraft:magma_block":88,"minecraft:leather_chestplate":1,"minecraft:feather":3,"minecraft:magma_cream":16,"minecraft:andesite":473,"minecraft:water_bucket":1,"minecraft:brown_wool":2,"minecraft:golden_leggings":2,"minecraft:potato":104,"minecraft:flint":32,"minecraft:tuff":940,"minecraft:wither_skeleton_skull":9,"minecraft:dirt":4611,"minecraft:netherite_leggings":1,"minecraft:lapis_lazuli":152,"minecraft:glass":113,"minecraft:bone":161,"minecraft:chipped_anvil":3,"minecraft:bow":15,"minecraft:stonecutter":4,"minecraft:wheat_seeds":137,"minecraft:raw_gold":45,"minecraft:mossy_stone_bricks":4,"minecraft:diamond_helmet":9,"minecraft:glowstone_dust":29,"minecraft:oak_planks":174,"minecraft:cooked_porkchop":2,"minecraft:poisonous_potato":2,"minecraft:stripped_spruce_log":4,"minecraft:grass_block":3,"minecraft:shulker_box":13,"minecraft:mossy_cobblestone":3,"minecraft:deepslate":309,"minecraft:sugar":18,"minecraft:diamond":72,"minecraft:spruce_boat":6,"minecraft:deepslate_gold_ore":7,"minecraft:cracked_polished_blackstone_bricks":10,"minecraft:blue_ice":8,"minecraft:crossbow":12,"minecraft:granite":318,"minecraft:bone_meal":2,"minecraft:emerald":142,"minecraft:oak_sapling":3,"minecraft:netherrack":3784,"minecraft:light_gray_carpet":3,"minecraft:chorus_fruit":16,"minecraft:nether_star":1,"minecraft:diamond_pickaxe":7,"minecraft:crafting_table":7,"minecraft:chicken":3,"minecraft:splash_potion":2,"minecraft:azure_bluet":1,"minecraft:ladder":3,"minecraft:nether_wart":56,"minecraft:packed_ice":54,"minecraft:shield":7,"minecraft:cornflower":3,"minecraft:iron_axe":5,"minecraft:elytra":1,"minecraft:flint_and_steel":1,"minecraft:white_carpet":26,"minecraft:iron_shovel":3,"minecraft:blackstone":119,"minecraft:beef":21,"minecraft:poppy":151,"minecraft:spruce_slab":2,"minecraft:minecart":8,"minecraft:lectern":393,"minecraft:sugar_cane":858,"minecraft:chest":7,"minecraft:piston":1,"minecraft:copper_ore":43,"minecraft:egg":2,"minecraft:raw_iron":280,"minecraft:end_stone":128,"minecraft:stone":3249,"minecraft:copper_ingot":3,"minecraft:polished_blackstone_bricks":24,"minecraft:cookie":6,"minecraft:carrot":3,"minecraft:redstone":83,"minecraft:netherite_pickaxe":4,"minecraft:arrow":192,"minecraft:diamond_chestplate":1,"minecraft:nether_bricks":137,"minecraft:diamond_boots":3,"minecraft:saddle":1,"minecraft:totem_of_undying":35,"minecraft:mutton":7,"minecraft:rail":42,"minecraft:white_wool":1,"minecraft:oxeye_daisy":4,"minecraft:basalt":224,"minecraft:glow_ink_sac":3,"minecraft:leather":21,"minecraft:birch_planks":2,"minecraft:ice":4,"minecraft:oak_log":32,"minecraft:ancient_debris":16,"minecraft:cobblestone_wall":2,"minecraft:golden_boots":1,"minecraft:yellow_bed":2,"minecraft:gunpowder":516,"minecraft:paper":92,"minecraft:white_banner":53,"minecraft:cooked_mutton":77,"minecraft:gray_carpet":24,"minecraft:stone_bricks":6,"minecraft:iron_ingot":187,"minecraft:stone_pickaxe":7,"minecraft:iron_ore":4,"minecraft:stripped_oak_wood":1,"minecraft:glass_bottle":41,"minecraft:iron_sword":1,"minecraft:soul_sand":5,"minecraft:book":40,"minecraft:nether_quartz_ore":4,"minecraft:emerald_block":56,"minecraft:daylight_detector":8,"minecraft:quartz":135,"minecraft:dandelion":15,"minecraft:raw_iron_block":1,"minecraft:dripstone_block":548,"minecraft:gravel":197,"minecraft:spruce_sapling":294,"minecraft:white_bed":5,"minecraft:spruce_log":2449,"minecraft:spider_eye":40,"minecraft:dragon_egg":1,"minecraft:firework_rocket":206,"minecraft:diamond_shovel":4,"minecraft:coal_ore":54,"minecraft:slime_ball":1,"minecraft:stone_axe":2,"minecraft:diamond_axe":6,"minecraft:iron_helmet":4,"minecraft:redstone_ore":1,"minecraft:deepslate_redstone_ore":5,"minecraft:warped_roots":4,"minecraft:lodestone":1,"minecraft:baked_potato":139,"minecraft:warped_nylium":20,"minecraft:coal":769,"minecraft:ender_pearl":83},"minecraft:dropped":{"minecraft:iron_sword":2,"minecraft:piston":1,"minecraft:porkchop":10,"minecraft:birch_planks":1,"minecraft:diamond_axe":2,"minecraft:oak_log":5,"minecraft:baked_potato":11,"minecraft:glow_ink_sac":3,"minecraft:chorus_fruit":16,"minecraft:glass_bottle":47,"minecraft:diamond":1,"minecraft:cooked_porkchop":1,"minecraft:crossbow":16,"minecraft:cookie":12,"minecraft:warped_roots":4,"minecraft:leather":8,"minecraft:elytra":1,"minecraft:rail":8,"minecraft:emerald":8,"minecraft:flint":34,"minecraft:cracked_polished_blackstone_bricks":10,"minecraft:dirt":769,"minecraft:deepslate_gold_ore":7,"minecraft:packed_ice":55,"minecraft:ice":4,"minecraft:cornflower":1,"minecraft:mutton":7,"minecraft:snout_armor_trim_smithing_template":1,"minecraft:snowball":26,"minecraft:gold_nugget":26,"minecraft:polished_blackstone_bricks":24,"minecraft:sugar":18,"minecraft:white_wool":1,"minecraft:bone":116,"minecraft:gold_ingot":1,"minecraft:gravel":156,"minecraft:stone_axe":1,"minecraft:blackstone":85,"minecraft:goat_horn":1,"minecraft:sugar_cane":300,"minecraft:ancient_debris":1,"minecraft:golden_chestplate":6,"minecraft:cobbled_deepslate":1235,"minecraft:wheat":8,"minecraft:obsidian":5,"minecraft:pointed_dripstone":16,"minecraft:rotten_flesh":225,"minecraft:oak_planks":3,"minecraft:diamond_shovel":5,"minecraft:glowstone_dust":27,"minecraft:end_stone":4,"minecraft:blaze_powder":2,"minecraft:nether_brick_fence":3,"minecraft:carrot":2,"minecraft:poppy":75,"minecraft:leather_chestplate":1,"minecraft:gunpowder":466,"minecraft:ladder":1,"minecraft:spruce_slab":10,"minecraft:iron_ore":4,"minecraft:basalt":8,"minecraft:iron_bars":3,"minecraft:arrow":229,"minecraft:beef":18,"minecraft:stone_brick_stairs":1,"minecraft:splash_potion":2,"minecraft:netherrack":1467,"minecraft:egg":1,"minecraft:firework_rocket":136,"minecraft:water_bucket":19,"minecraft:enchanted_book":18,"minecraft:iron_ingot":98,"minecraft:stripped_spruce_log":1,"minecraft:netherite_pickaxe":3,"minecraft:wheat_seeds":124,"minecraft:golden_helmet":2,"minecraft:deepslate_redstone_ore":5,"minecraft:mossy_cobblestone":3,"minecraft:bookshelf":1,"minecraft:dripstone_block":473,"minecraft:diamond_leggings":1,"minecraft:poisonous_potato":2,"minecraft:netherite_chestplate":1,"minecraft:oak_fence":1,"minecraft:feather":3,"minecraft:iron_helmet":1,"minecraft:cobblestone":471,"minecraft:book":2,"minecraft:apple":4,"minecraft:granite":180,"minecraft:copper_ingot":3,"minecraft:grass_block":3,"minecraft:coal":57,"minecraft:stick":58,"minecraft:oxeye_daisy":4,"minecraft:diorite":47,"minecraft:nether_gold_ore":10,"minecraft:torch":4,"minecraft:lodestone":1,"minecraft:brown_wool":2,"minecraft:diamond_helmet":2,"minecraft:rib_armor_trim_smithing_template":1,"minecraft:iron_leggings":1,"minecraft:white_banner":38,"minecraft:stonecutter":1,"minecraft:iron_axe":3,"minecraft:chipped_anvil":2,"minecraft:cactus":2,"minecraft:iron_shovel":1,"minecraft:paper":35,"minecraft:string":47,"minecraft:bucket":5,"minecraft:spruce_sapling":28,"minecraft:dandelion":10,"minecraft:redstone":77,"minecraft:redstone_ore":1,"minecraft:warped_nylium":19,"minecraft:stone_sword":1,"minecraft:ender_chest":1,"minecraft:nether_wart":56,"minecraft:blaze_rod":6,"minecraft:raw_copper":76,"minecraft:deepslate":113,"minecraft:tuff":250,"minecraft:raw_iron":30,"minecraft:white_carpet":18,"minecraft:wither_skeleton_skull":1,"minecraft:iron_boots":1,"minecraft:nether_bricks":61,"minecraft:totem_of_undying":25,"minecraft:oak_sign":4,"minecraft:flint_and_steel":1,"minecraft:copper_ore":43,"minecraft:diamond_sword":12,"minecraft:potato":3,"minecraft:spruce_boat":1,"minecraft:stone":249,"minecraft:shield":4,"minecraft:flower_pot":1,"minecraft:diamond_chestplate":1,"minecraft:spruce_planks":14,"minecraft:diamond_pickaxe":4,"minecraft:iron_chestplate":1,"minecraft:andesite":83,"minecraft:mossy_stone_bricks":4,"minecraft:blue_ice":8,"minecraft:golden_leggings":1,"minecraft:oak_sapling":3,"minecraft:golden_sword":1,"minecraft:redstone_torch":5,"minecraft:stone_bricks":3,"minecraft:spider_eye":35,"minecraft:spruce_log":1044,"minecraft:diamond_boots":1,"minecraft:slime_ball":1,"minecraft:bow":7,"minecraft:stone_pickaxe":1,"minecraft:wooden_pickaxe":1,"minecraft:magma_cream":16,"minecraft:calcite":5,"minecraft:magma_block":26},"minecraft:custom":{"minecraft:interact_with_crafting_table":156,"minecraft:open_shulker_box":50,"minecraft:leave_game":50,"minecraft:time_since_death":6828,"minecraft:sprint_one_cm":2299056,"minecraft:damage_blocked_by_shield":12166,"minecraft:drop":738,"minecraft:talked_to_villager":888,"minecraft:play_time":2188866,"minecraft:deaths":191,"minecraft:jump":16702,"minecraft:interact_with_brewingstand":1,"minecraft:walk_on_water_one_cm":349930,"minecraft:interact_with_furnace":39,"minecraft:traded_with_villager":979,"minecraft:sleep_in_bed":45,"minecraft:open_enderchest":18,"minecraft:damage_dealt":98581,"minecraft:interact_with_beacon":1,"minecraft:player_kills":1,"minecraft:crouch_one_cm":189748,"minecraft:inspect_dispenser":8,"minecraft:interact_with_smoker":13,"minecraft:horse_one_cm":83158,"minecraft:interact_with_smithing_table":13,"minecraft:interact_with_anvil":42,"minecraft:mob_kills":1473,"minecraft:inspect_hopper":3,"minecraft:climb_one_cm":35291,"minecraft:walk_one_cm":4648727,"minecraft:raid_win":8,"minecraft:strider_one_cm":1560,"minecraft:sneak_time":66988,"minecraft:walk_under_water_one_cm":562433,"minecraft:boat_one_cm":278917,"minecraft:interact_with_blast_furnace":5,"minecraft:total_world_time":2188866,"minecraft:raid_trigger":33,"minecraft:time_since_rest":6664,"minecraft:damage_absorbed":1036,"minecraft:damage_taken":77457,"minecraft:swim_one_cm":356438,"minecraft:fly_one_cm":1837898,"minecraft:open_chest":655,"minecraft:aviate_one_cm":9290738,"minecraft:fall_one_cm":839797},"minecraft:crafted":{"minecraft:ender_chest":1,"minecraft:oak_planks":108,"minecraft:oak_sign":3,"minecraft:blaze_powder":2,"minecraft:cooked_chicken":3,"minecraft:stone":3,"minecraft:diamond_shovel":2,"minecraft:bookshelf":8,"minecraft:cooked_mutton":11,"minecraft:diamond_helmet":3,"minecraft:diamond_leggings":1,"minecraft:iron_boots":1,"minecraft:chest":9,"minecraft:netherite_helmet":1,"minecraft:ender_eye":1,"minecraft:arrow":192,"minecraft:emerald":2248,"minecraft:cooked_porkchop":10,"minecraft:diamond_axe":2,"minecraft:crafting_table":5,"minecraft:spruce_planks":682,"minecraft:wooden_pickaxe":1,"minecraft:baked_potato":91,"minecraft:iron_helmet":2,"minecraft:lectern":1,"minecraft:iron_chestplate":1,"minecraft:book":14,"minecraft:paper":1613,"minecraft:diamond_pickaxe":2,"minecraft:shield":5,"minecraft:stick":1144,"minecraft:iron_ingot":58,"minecraft:iron_pickaxe":2,"minecraft:iron_block":127,"minecraft:stone_sword":1,"minecraft:gold_ingot":63,"minecraft:netherite_ingot":4,"minecraft:golden_carrot":36,"minecraft:cookie":18,"minecraft:experience_bottle":21,"minecraft:furnace":2,"minecraft:netherite_chestplate":1,"minecraft:blue_ice":7,"minecraft:iron_axe":1,"minecraft:spruce_slab":12,"minecraft:stone_pickaxe":2,"minecraft:cobblestone_wall":12,"minecraft:diamond_boots":1,"minecraft:spruce_boat":1,"minecraft:netherite_scrap":16,"minecraft:cooked_beef":22,"minecraft:crossbow":5,"minecraft:netherite_pickaxe":2,"minecraft:diamond_sword":2,"minecraft:iron_sword":2,"minecraft:bucket":23,"minecraft:stone_axe":2,"minecraft:enchanted_book":47,"minecraft:air":0,"minecraft:anvil":1,"minecraft:iron_leggings":1,"minecraft:stonecutter":1,"minecraft:white_bed":3,"minecraft:torch":96,"minecraft:diamond_chestplate":1,"minecraft:firework_rocket":3865},"minecraft:broken":{"minecraft:golden_boots":1,"minecraft:diamond_helmet":2,"minecraft:golden_leggings":1,"minecraft:bow":1,"minecraft:shield":1,"minecraft:iron_pickaxe":2},"minecraft:killed_by":{"minecraft:zombie_villager":1,"minecraft:zombified_piglin":1,"minecraft:wither_skeleton":4,"minecraft:creeper":13,"minecraft:pillager":4,"minecraft:magma_cube":3,"minecraft:blaze":4,"minecraft:zombie":20,"minecraft:vex":2,"minecraft:player":3,"minecraft:spider":4,"minecraft:enderman":4,"minecraft:iron_golem":4,"minecraft:ender_dragon":2,"minecraft:skeleton":33,"minecraft:wither":1},"minecraft:killed":{"minecraft:zombified_piglin":7,"minecraft:witch":107,"minecraft:spider":27,"minecraft:skeleton":43,"minecraft:chicken":3,"minecraft:silverfish":2,"minecraft:magma_cube":52,"minecraft:piglin":10,"minecraft:pig":7,"minecraft:zombie_villager":4,"minecraft:iron_golem":1,"minecraft:ender_dragon":1,"minecraft:strider":1,"minecraft:creeper":13,"minecraft:sheep":4,"minecraft:pillager":511,"minecraft:donkey":1,"minecraft:zombie":162,"minecraft:blaze":13,"minecraft:cow":9,"minecraft:evoker":67,"minecraft:vex":1,"minecraft:vindicator":303,"minecraft:slime":8,"minecraft:horse":5,"minecraft:drowned":7,"minecraft:bat":1,"minecraft:wither_skeleton":39,"minecraft:enderman":42},"minecraft:used":{"minecraft:iron_shovel":190,"minecraft:chest":14,"minecraft:elytra":6,"minecraft:ladder":2,"minecraft:oak_sign":1,"minecraft:iron_sword":97,"minecraft:shield":173,"minecraft:stone":90,"minecraft:rotten_flesh":4,"minecraft:iron_chestplate":1,"minecraft:soul_sand":9,"minecraft:nether_bricks":76,"minecraft:carrot":1,"minecraft:tuff":101,"minecraft:snowball":19,"minecraft:azure_bluet":1,"minecraft:obsidian":7,"minecraft:spruce_boat":7,"minecraft:glass":1,"minecraft:coal_ore":54,"minecraft:iron_helmet":3,"minecraft:bow":13,"minecraft:furnace":3,"minecraft:egg":1,"minecraft:diorite":28,"minecraft:wither_skeleton_skull":9,"minecraft:stone_pickaxe":106,"minecraft:oak_planks":5,"minecraft:blackstone":6,"minecraft:ender_pearl":85,"minecraft:wooden_pickaxe":32,"minecraft:sugar_cane":76,"minecraft:diamond_axe":3528,"minecraft:cookie":12,"minecraft:golden_apple":1,"minecraft:crossbow":26,"minecraft:blue_ice":7,"minecraft:dripstone_block":11,"minecraft:end_stone":115,"minecraft:firework_rocket":457,"minecraft:lectern":395,"minecraft:deepslate":11,"minecraft:gravel":7,"minecraft:diamond_sword":1655,"minecraft:andesite":32,"minecraft:experience_bottle":21,"minecraft:stone_sword":24,"minecraft:flint_and_steel":13,"minecraft:armor_stand":1,"minecraft:redstone":1,"minecraft:light_gray_carpet":3,"minecraft:spruce_planks":12,"minecraft:ender_chest":14,"minecraft:cooked_chicken":3,"minecraft:netherrack":386,"minecraft:torch":47,"minecraft:brewing_stand":2,"minecraft:dirt":1937,"minecraft:anvil":1,"minecraft:ancient_debris":1,"minecraft:cobblestone_wall":14,"minecraft:diamond_helmet":5,"minecraft:shulker_box":15,"minecraft:granite":34,"minecraft:chipped_anvil":1,"minecraft:bookshelf":11,"minecraft:iron_axe":11,"minecraft:oak_stairs":1,"minecraft:totem_of_undying":50,"minecraft:golden_carrot":12,"minecraft:basalt":154,"minecraft:goat_horn":44,"minecraft:netherite_pickaxe":8200,"minecraft:cobbled_deepslate":1069,"minecraft:pointed_dripstone":2,"minecraft:water_bucket":213,"minecraft:netherite_chestplate":4,"minecraft:baked_potato":139,"minecraft:stonecutter":4,"minecraft:rail":28,"minecraft:crafting_table":8,"minecraft:white_bed":8,"minecraft:spruce_log":27,"minecraft:oak_log":1,"minecraft:ender_eye":5,"minecraft:diamond_pickaxe":21812,"minecraft:cornflower":1,"minecraft:diamond_shovel":3762,"minecraft:iron_pickaxe":500,"minecraft:spruce_sapling":234,"minecraft:stone_axe":57,"minecraft:potion":4,"minecraft:cobblestone":450,"minecraft:cooked_porkchop":11,"minecraft:bucket":231,"minecraft:yellow_bed":2,"minecraft:dandelion":5},"minecraft:mined":{"minecraft:spruce_planks":2,"minecraft:white_bed":6,"minecraft:potted_cactus":1,"minecraft:obsidian":12,"minecraft:brewing_stand":2,"minecraft:granite":346,"minecraft:grass_block":2165,"minecraft:cracked_polished_blackstone_bricks":7,"minecraft:soul_soil":4,"minecraft:nether_wart":20,"minecraft:spawner":2,"minecraft:polished_blackstone_bricks":23,"minecraft:raw_iron_block":1,"minecraft:magma_block":57,"minecraft:iron_ore":102,"minecraft:fire":8,"minecraft:cobbled_deepslate":288,"minecraft:deepslate_lapis_ore":7,"minecraft:azure_bluet":1,"minecraft:pointed_dripstone":2,"minecraft:dirt_path":3,"minecraft:oak_stairs":1,"minecraft:iron_bars":5,"minecraft:spruce_slab":2,"minecraft:deepslate_redstone_ore":17,"minecraft:blackstone":156,"minecraft:torch":4,"minecraft:poppy":1,"minecraft:calcite":5,"minecraft:chest":5,"minecraft:glass":1,"minecraft:wither_skeleton_wall_skull":2,"minecraft:nether_quartz_ore":126,"minecraft:cobblestone":108,"minecraft:oak_planks":12,"minecraft:sugar_cane":273,"minecraft:wall_torch":1,"minecraft:amethyst_block":23,"minecraft:chain":2,"minecraft:warped_nylium":25,"minecraft:wheat":29,"minecraft:blue_ice":7,"minecraft:stripped_oak_wood":1,"minecraft:warped_fungus":1,"minecraft:smooth_stone_slab":1,"minecraft:stone_brick_stairs":1,"minecraft:oak_log":42,"minecraft:dirt":1639,"minecraft:wither_skeleton_skull":4,"minecraft:ancient_debris":16,"minecraft:stonecutter":4,"minecraft:netherrack":14510,"minecraft:oak_leaves":6,"minecraft:deepslate":7126,"minecraft:nether_gold_ore":41,"minecraft:tuff":911,"minecraft:mossy_cobblestone":3,"minecraft:deepslate_diamond_ore":45,"minecraft:end_stone":123,"minecraft:shulker_box":14,"minecraft:nether_bricks":176,"minecraft:spruce_leaves":272,"minecraft:redstone_ore":4,"minecraft:spruce_sapling":89,"minecraft:furnace":1,"minecraft:nether_sprouts":1,"minecraft:andesite":539,"minecraft:stripped_spruce_log":5,"minecraft:nether_brick_fence":3,"minecraft:bookshelf":12,"minecraft:potatoes":32,"minecraft:deepslate_iron_ore":50,"minecraft:rail":40,"minecraft:packed_ice":117,"minecraft:stone":4085,"minecraft:ender_chest":14,"minecraft:podzol":1,"minecraft:glass_pane":2,"minecraft:soul_sand":6,"minecraft:infested_stone_bricks":2,"minecraft:dandelion":5,"minecraft:basalt":284,"minecraft:crafting_table":4,"minecraft:cornflower":2,"minecraft:short_grass":246,"minecraft:warped_roots":2,"minecraft:lectern":391,"minecraft:copper_ore":27,"minecraft:tall_grass":61,"minecraft:lapis_ore":4,"minecraft:deepslate_gold_ore":25,"minecraft:diorite":140,"minecraft:birch_planks":2,"minecraft:cobblestone_wall":2,"minecraft:redstone_torch":1,"minecraft:ice":40,"minecraft:spruce_log":2476,"minecraft:yellow_bed":2,"minecraft:coal_ore":289,"minecraft:gravel":252,"minecraft:dripstone_block":507,"minecraft:cobweb":3,"minecraft:stone_bricks":3,"minecraft:mossy_stone_bricks":2,"minecraft:gold_ore":1,"minecraft:chipped_anvil":2}},"DataVersion":3837}